{
  "project_info": {
    "project_number": "587760480329",
    "firebase_url": "https://waterlevelcontrol-ffc6d.firebaseio.com",
    "project_id": "waterlevelcontrol-ffc6d",
    "storage_bucket": "waterlevelcontrol-ffc6d.appspot.com"
  },
  "client": [
    {
      "client_info": {
        "mobilesdk_app_id": "1:587760480329:android:95caa52ce1a101b53f0f98",
        "android_client_info": {
          "package_name": "com.example.fluidlevelcontrol"
        }
      },
      "oauth_client": [
        {
          "client_id": "587760480329-avt247ki3r8c3o8tk74mt4kfta5m62ns.apps.googleusercontent.com",
          "client_type": 3
        }
      ],
      "api_key": [
        {
          "current_key": "AIzaSyCHT1oKoahuhL2aj_KhuDow---sErGFoZE"
        }
      ],
      "services": {
        "appinvite_service": {
          "other_platform_oauth_client": [
            {
              "client_id": "587760480329-avt247ki3r8c3o8tk74mt4kfta5m62ns.apps.googleusercontent.com",
              "client_type": 3
            }
          ]
        }
      }
    }
  ],
  "configuration_version": "1"
}